"","adj_token"
"1","ox"
"2","plastic"
"3","bible"
"4","joint"
"5","giant"
"6","executive"
"7","orange"
"8","red"
"9","forty"
"10","rash"
"11","yellow"
"12","directory"
"13","print"
"14","sweet"
"15","dish"
"16","dark"
"17","key"
"18","brandy"
"19","outhouse"
"20","furniture"
"21","pelican"
"22","fridge"
"23","thick"
"24","burglar"
"25","ant"
"26","wet"
"27","green"
"28","dustbin"
"29","hot"
"30","fish"
"31","material"
"32","pound"
"33","sugar"
"34","cut"
"35","apple"
"36","round"
"37","rust"
"38","caravan"
"39","frozen"
"40","marble"
"41","flat"
"42","alcove"
"43","attic"
"44","blind"
"45","bottom"
"46","solid"
"47","back"
"48","downstairs"
"49","queen"
"50","top"
"51","coral"
"52","upstairs"
"53","pussy"
"54","male"
"55","ankle"
"56","umbrella"
"57","oven"
"58","nylon"
"59","paraplegic"
"60","crusty"
"61","roast"
"62","quarry"
"63","square"
"64","bright"
"65","acid"
"66","brown"
"67","frost"
"68","blowing"
"69","lighter"
"70","solar"
"71","prawn"
"72","lead"
"73","icy"
"74","teddy"
"75","daddy"
"76","ski"
"77","diary"
"78","curly"
"79","mum"
"80","pink"
"81","pinky"
"82","barge"
"83","granite"
"84","iron"
"85","sunny"
"86","dirty"
"87","shoe"
"88","jet"
"89","egg"
"90","drawing"
"91","fatty"
"92","whisky"
"93","library"
"94","glass"
"95","tonic"
"96","cod"
"97","plum"
"98","burnt"
"99","jaw"
"100","slave"
"101","rusty"
"102","pattern"
"103","gold"
"104","quarter"
"105","cupboard"
"106","broken"
"107","cooker"
"108","oat"
"109","meal"
"110","sky"
"111","freezing"
"112","peg"
"113","dead"
"114","fork"
"115","tin"
"116","wheelie"
"117","record"
"118","brick"
"119","navy"
"120","farm"
"121","mummy"
"122","rugby"
"123","garden"
"124","stroke"
"125","blooming"
"126","outside"
"127","dart"
"128","wooden"
"129","ferry"
"130","till"
"131","secretary"
"132","eleven"
"133","push"
"134","pull"
"135","baby"
"136","blond"
"137","bin"
"138","ear"
"139","obituary"
"140","snack"
"141","vitamin"
"142","fat"
"143","saucepan"
"144","onion"
"145","manual"
"146","hill"
"147","toy"
"148","mauve"
"149","watch"
"150","write"
"151","honey"
"152","slim"
"153","instrument"
"154","karate"
"155","porcelain"
"156","festival"
"157","questionnaire"
"158","sweatshirt"
"159","sleeveless"
"160","aunt"
"161","bald"
"162","tee"
"163","hind"
"164","log"
"165","sickle"
"166","machine"
"167","crust"
"168","cooler"
"169","grey"
"170","bridesmaid"
"171","naked"
"172","pond"
"173","ironing"
"174","stuffed"
"175","shield"
"176","silver"
"177","doggy"
"178","varnish"
"179","sycamore"
"180","grave"
"181","hearth"
"182","cable"
"183","paint"
"184","pest"
"185","organ"
"186","post"
"187","standing"
"188","human"
"189","brake"
"190","telegraph"
"191","nanny"
"192","seaside"
"193","singing"
"194","horseman"
"195","thistle"
"196","dust"
"197","chief"
"198","woman"
"199","cloud"
"200","primrose"
"201","infant"
"202","poppy"
"203","dolly"
"204","purple"
"205","alley"
"206","rainy"
"207","military"
"208","wife"
"209","lad"
"210","shelve"
"211","underwear"
"212","dogs"
"213","spot"
"214","slate"
"215","throw"
"216","pool"
"217","flaming"
"218","exterior"
"219","sash"
"220","grate"
"221","sirloin"
"222","drop"
"223","cigar"
"224","spiral"
"225","sliced"
"226","metal"
"227","jelly"
"228","mashed"
"229","seventh"
"230","picnic"
"231","freeze"
"232","powder"
"233","glazed"
"234","salmon"
"235","dill"
"236","strawberry"
"237","blonde"
"238","stew"
"239","beep"
"240","pregnant"
"241","puppy"
"242","sweat"
"243","microwave"
"244","pork"
"245","village"
"246","boat"
"247","star"
"248","sheet"
"249","day"
"250","shaving"
"251","hand"
"252","dog"
"253","sister"
"254","bank"
"255","group"
"256","home"
"257","tape"
"258","gum"
"259","tree"
"260","stand"
"261","page"
"262","committee"
"263","letter"
"264","wastepaper"
"265","road"
"266","church"
"267","grocery"
"268","mouse"
"269","chip"
"270","dot"
"271","bat"
"272","disc"
"273","grandfather"
"274","water"
"275","door"
"276","fire"
"277","oil"
"278","cloth"
"279","light"
"280","heart"
"281","rain"
"282","wall"
"283","lollipop"
"284","petrol"
"285","brother"
"286","parent"
"287","pigeon"
"288","pill"
"289","flower"
"290","cross"
"291","food"
"292","wood"
"293","cigarette"
"294","gun"
"295","phone"
"296","rabbit"
"297","dressing"
"298","room"
"299","bedroom"
"300","curtain"
"301","wrist"
"302","wedding"
"303","radio"
"304","leg"
"305","turkey"
"306","family"
"307","meat"
"308","cabbage"
"309","pirate"
"310","worktop"
"311","roof"
"312","press"
"313","washing"
"314","board"
"315","report"
"316","school"
"317","kitchen"
"318","floor"
"319","bay"
"320","jack"
"321","king"
"322","ace"
"323","eel"
"324","wolf"
"325","hound"
"326","stone"
"327","buffalo"
"328","carp"
"329","tea"
"330","bathroom"
"331","carpet"
"332","smoke"
"333","litter"
"334","night"
"335","stair"
"336","stall"
"337","hall"
"338","timer"
"339","lighting"
"340","country"
"341","kid"
"342","cat"
"343","horse"
"344","jump"
"345","people"
"346","car"
"347","park"
"348","police"
"349","picture"
"350","bottle"
"351","television"
"352","paper"
"353","plant"
"354","video"
"355","river"
"356","sand"
"357","juice"
"358","bacon"
"359","cheese"
"360","peanut"
"361","jam"
"362","shirt"
"363","animal"
"364","blood"
"365","cream"
"366","cardboard"
"367","mother"
"368","ginger"
"369","telephone"
"370","cake"
"371","pet"
"372","breast"
"373","fruit"
"374","wire"
"375","netting"
"376","north"
"377","net"
"378","market"
"379","pipe"
"380","milk"
"381","money"
"382","chicken"
"383","tuna"
"384","coleslaw"
"385","potato"
"386","salad"
"387","peach"
"388","tie"
"389","tomato"
"390","carrier"
"391","beef"
"392","popcorn"
"393","bum"
"394","box"
"395","kick"
"396","pearl"
"397","hamper"
"398","gas"
"399","shot"
"400","granddad"
"401","inch"
"402","cylinder"
"403","dad"
"404","tool"
"405","pear"
"406","world"
"407","pudding"
"408","bag"
"409","ladies"
"410","bow"
"411","bread"
"412","chest"
"413","movie"
"414","music"
"415","clothes"
"416","machinery"
"417","oak"
"418","submarine"
"419","sunlight"
"420","foot"
"421","computer"
"422","office"
"423","film"
"424","ice"
"425","sleep"
"426","bar"
"427","cutting"
"428","liver"
"429","rum"
"430","tobacco"
"431","garage"
"432","card"
"433","cartoon"
"434","rice"
"435","nose"
"436","scrap"
"437","motorway"
"438","throat"
"439","pot"
"440","curry"
"441","eight"
"442","saw"
"443","bull"
"444","dancing"
"445","band"
"446","weight"
"447","football"
"448","mountain"
"449","head"
"450","bed"
"451","lace"
"452","jacket"
"453","slip"
"454","sleeping"
"455","eye"
"456","steel"
"457","cellar"
"458","dance"
"459","man"
"460","scratching"
"461","land"
"462","student"
"463","soup"
"464","mackerel"
"465","spa"
"466","camera"
"467","rock"
"468","crab"
"469","lobster"
"470","cocktail"
"471","split"
"472","darts"
"473","bass"
"474","bus"
"475","cum"
"476","store"
"477","jazz"
"478","exit"
"479","shore"
"480","tent"
"481","street"
"482","twin"
"483","chef"
"484","train"
"485","nights"
"486","breakfast"
"487","hotel"
"488","town"
"489","toilet"
"490","passenger"
"491","rail"
"492","mop"
"493","heads"
"494","brush"
"495","dozen"
"496","mirror"
"497","pillar"
"498","barbecue"
"499","charcoal"
"500","stage"
"501","cotton"
"502","bleeding"
"503","cock"
"504","concrete"
"505","shop"
"506","wrapping"
"507","teapot"
"508","note"
"509","driving"
"510","camping"
"511","coffee"
"512","penny"
"513","conveyor"
"514","pocket"
"515","curling"
"516","puzzle"
"517","length"
"518","chap"
"519","sandwich"
"520","burger"
"521","broom"
"522","chocolate"
"523","butter"
"524","shave"
"525","lunch"
"526","wax"
"527","stereo"
"528","seat"
"529","alloy"
"530","dress"
"531","ballet"
"532","ballroom"
"533","vegetable"
"534","leather"
"535","pub"
"536","husband"
"537","marmalade"
"538","toe"
"539","bike"
"540","vinegar"
"541","brass"
"542","tube"
"543","model"
"544","velvet"
"545","cooking"
"546","ham"
"547","person"
"548","property"
"549","sauce"
"550","text"
"551","chamber"
"552","bedside"
"553","taxi"
"554","holly"
"555","furnishings"
"556","suite"
"557","bath"
"558","shower"
"559","ground"
"560","knife"
"561","piece"
"562","corner"
"563","body"
"564","airline"
"565","house"
"566","mince"
"567","book"
"568","hair"
"569","goods"
"570","pencil"
"571","lock"
"572","fur"
"573","rot"
"574","block"
"575","track"
"576","arm"
"577","pottery"
"578","loo"
"579","thyroid"
"580","infection"
"581","birth"
"582","electronics"
"583","microscope"
"584","terrace"
"585","station"
"586","crease"
"587","grease"
"588","skirt"
"589","test"
"590","air"
"591","sea"
"592","boy"
"593","fuel"
"594","coke"
"595","stove"
"596","cast"
"597","file"
"598","college"
"599","gravel"
"600","fence"
"601","welding"
"602","fax"
"603","aluminum"
"604","plastics"
"605","hedge"
"606","curb"
"607","chain"
"608","wine"
"609","maypole"
"610","guy"
"611","carnation"
"612","hairdresser"
"613","root"
"614","bedding"
"615","transporter"
"616","motor"
"617","child"
"618","flip"
"619","carat"
"620","poker"
"621","roll"
"622","bowling"
"623","croquet"
"624","pioneer"
"625","elephant"
"626","tennis"
"627","bean"
"628","bamboo"
"629","lemon"
"630","staff"
"631","children"
"632","comb"
"633","stain"
"634","path"
"635","cutter"
"636","list"
"637","gulf"
"638","junction"
"639","header"
"640","quiz"
"641","panel"
"642","stripper"
"643","bog"
"644","lion"
"645","greenhouse"
"646","window"
"647","railway"
"648","erection"
"649","ceiling"
"650","pit"
"651","entrance"
"652","song"
"653","one"
"654","dictionary"
"655","racing"
"656","traffic"
"657","breaking"
"658","dairy"
"659","magazine"
"660","army"
"661","pavement"
"662","wheel"
"663","dinner"
"664","pen"
"665","cataract"
"666","cap"
"667","caster"
"668","tissue"
"669","draw"
"670","collar"
"671","nursery"
"672","ball"
"673","table"
"674","snare"
"675","riding"
"676","pitch"
"677","art"
"678","lounge"
"679","frame"
"680","tv"
"681","cashier"
"682","assistant"
"683","equipment"
"684","violet"
"685","stock"
"686","engine"
"687","meteor"
"688","cash"
"689","ring"
"690","sharpener"
"691","chalk"
"692","shell"
"693","teen"
"694","corn"
"695","firework"
"696","battle"
"697","countryside"
"698","camp"
"699","feather"
"700","company"
"701","stomach"
"702","circus"
"703","butterfly"
"704","pie"
"705","check"
"706","aspirin"
"707","muscle"
"708","stud"
"709","princess"
"710","wing"
"711","meadow"
"712","girl"
"713","strand"
"714","bowler"
"715","sleeve"
"716","magnet"
"717","duffel"
"718","tom"
"719","screw"
"720","patio"
"721","manor"
"722","dam"
"723","tracksuit"
"724","cauliflower"
"725","flap"
"726","sewing"
"727","hare"
"728","call"
"729","field"
"730","timber"
"731","mantel"
"732","housing"
"733","screen"
"734","mixer"
"735","cork"
"736","tile"
"737","shrub"
"738","casserole"
"739","cuckoo"
"740","crisps"
"741","carrot"
"742","lilac"
"743","sailor"
"744","pastel"
"745","toast"
"746","filter"
"747","banana"
"748","rubber"
"749","carry"
"750","pop"
"751","bird"
"752","tit"
"753","walk"
"754","examination"
"755","stag"
"756","scout"
"757","cub"
"758","walking"
"759","fare"
"760","guard"
"761","grill"
"762","sit"
"763","violin"
"764","drug"
"765","calendar"
"766","checkout"
"767","packet"
"768","document"
"769","gram"
"770","show"
"771","foil"
"772","mango"
"773","dolphin"
"774","intercom"
"775","woof"
"776","jungle"
"777","bear"
"778","mud"
"779","frog"
"780","oval"
"781","oatmeal"
"782","stairs"
"783","fuzzy"
"784","bug"
"785","bunny"
"786","lady"
"787","woolly"
"788","mutton"
"789","limp"
"790","sandy"
"791","mermaid"
"792","quack"
"793","furry"
"794","string"
"795","shake"
"796","cursive"
"797","puppet"
"798","striped"
"799","aphid"
"800","slippery"
"801","bully"
"802","mural"
"803","mommy"
"804","drool"
"805","tooth"
"806","scribble"
"807","smiley"
"808","yogurt"
"809","slide"
"810","kitty"
"811","run"
"812","honk"
"813","swimming"
"814","uniform"
"815","locomotive"
"816","edge"
"817","squid"
"818","zucchini"
"819","maple"
"820","juicy"
"821","colored"
"822","pterodactyl"
"823","cranberry"
"824","skate"
"825","doll"
"826","bloody"
"827","beetle"
"828","stick"
"829","stump"
"830","smooch"
"831","sleigh"
"832","aloe"
"833","cherry"
"834","fairy"
"835","dump"
"836","neighbor"
"837","whale"
"838","spaghetti"
"839","seedless"
"840","hash"
"841","linen"
"842","sword"
"843","rolling"
"844","pony"
"845","grassy"
"846","slap"
"847","blueberry"
"848","laughing"
"849","pumpkin"
"850","snow"
"851","hamburger"
"852","straw"
"853","pecan"
"854","finger"
"855","fold"
"856","raisin"
"857","bubble"
"858","hairless"
"859","trout"
"860","clock"
"861","crescent"
"862","asteroid"
"863","satellite"
"864","soy"
"865","knock"
"866","fly"
"867","puffy"
"868","lid"
"869","crispy"
"870","octopus"
"871","puffin"
"872","olive"
"873","outfit"
"874","sinus"
"875","multicolored"
"876","mitten"
"877","teeth"
"878","hippie"
"879","silky"
"880","wiggle"
"881","squeak"
"882","slam"
"883","whey"
"884","cheddar"
"885","diamond"
"886","turtle"
"887","crane"
"888","lily"
"889","cough"
"890","coal"
"891","dome"
"892","van"
"893","garlic"
"894","macaroni"
"895","dorsal"
"896","weeping"
"897","hip"
"898","cloudy"
"899","farmer"
"900","elbow"
"901","worm"
"902","swim"
"903","spittle"
"904","wipe"
"905","mama"
"906","skunk"
"907","nut"
"908","hay"
"909","nurse"
"910","cookie"
"911","outdoor"
"912","candy"
"913","airplane"
"914","ogre"
"915","toboggan"
"916","mutant"
"917","squirt"
"918","flying"
"919","kettle"
"920","shortbread"
"921","scarf"
"922","paddle"
"923","chop"
"924","cinnamon"
"925","cry"
"926","female"
"927","bud"
"928","ink"
"929","gingerbread"
"930","sticker"
"931","jean"
"932","lawn"
"933","vanilla"
"934","nest"
"935","adult"
"936","smoky"
"937","hail"
"938","lizard"
"939","click"
"940","hairy"
"941","dig"
"942","putt"
"943","bridge"
"944","slipper"
"945","puddle"
"946","tartar"
"947","goldfish"
"948","bake"
"949","tan"
"950","pole"
"951","skittle"
"952","blink"
"953","taller"
"954","alphabet"
"955","popsicle"
"956","hippopotamus"
"957","closet"
"958","snowy"
"959","vacuum"
"960","hummus"
"961","veggie"
"962","comforter"
"963","dough"
"964","pine"
"965","treasure"
"966","meow"
"967","battery"
"968","ocean"
"969","peacock"
"970","raptor"
"971","crystal"
"972","soapy"
"973","arrow"
"974","cathedral"
"975","ostrich"
"976","dune"
"977","sketchbook"
"978","matchbox"
"979","herb"
"980","lacrosse"
"981","smile"
"982","glitter"
"983","eat"
"984","spank"
"985","braid"
"986","owl"
"987","marine"
"988","trigger"
"989","tiger"
"990","copy"
"991","hummingbird"
"992","bathing"
"993","piggy"
"994","wash"
"995","yoyo"
"996","poke"
"997","sing"
"998","astronaut"
"999","trash"
"1000","beast"
"1001","chopper"
"1002","pineapple"
"1003","insect"
"1004","saucer"
"1005","ladybug"
"1006","raspberry"
"1007","quintet"
"1008","stroller"
"1009","spider"
"1010","scoopful"
"1011","stegosaurus"
"1012","hug"
"1013","unbuttoned"
"1014","capital"
"1015","rocky"
"1016","peppermint"
"1017","spiky"
"1018","pedal"
"1019","grilled"
"1020","kissing"
"1021","triangle"
"1022","wrap"
"1023","diving"
"1024","oyster"
"1025","hurricane"
"1026","frown"
"1027","scaly"
"1028","tightrope"
"1029","stomp"
"1030","surf"
"1031","toucan"
"1032","orangutan"
"1033","thumb"
"1034","jellyfish"
"1035","noodle"
"1036","poison"
"1037","pointy"
"1038","shadow"
"1039","pant"
"1040","salty"
"1041","bite"
"1042","mulberry"
"1043","drum"
"1044","dwarf"
"1045","panda"
"1046","dalmatian"
"1047","spoonful"
"1048","horned"
"1049","detective"
"1050","feathered"
"1051","ultrasound"
"1052","parmesan"
"1053","lacing"
"1054","safari"
"1055","rinse"
"1056","skip"
"1057","yarn"
"1058","giraffe"
"1059","goose"
"1060","grape"
"1061","fowl"
"1062","strangle"
"1063","hillbilly"
"1064","blob"
"1065","slot"
"1066","thorn"
"1067","paw"
"1068","bleach"
"1069","yard"
"1070","moist"
"1071","mucus"
"1072","sperm"
"1073","batter"
"1074","metallic"
"1075","statue"
"1076","wildlife"
"1077","color"
"1078","tap"
"1079","cargo"
"1080","choir"
"1081","sheep"
"1082","explorer"
"1083","fishing"
"1084","poo"
"1085","castle"
"1086","porcupine"
"1087","game"
"1088","couple"
"1089","prize"
"1090","drummer"
"1091","zoo"
"1092","climbing"
"1093","circle"
"1094","moon"
"1095","photo"
"1096","crayon"
"1097","kids"
"1098","monkey"
"1099","message"
"1100","steam"
"1101","cement"
"1102","willow"
"1103","piano"
"1104","splash"
"1105","leopard"
"1106","weenie"
"1107","bell"
"1108","napkin"
"1109","pail"
"1110","pee"
"1111","massage"
"1112","cell"
"1113","laundry"
"1114","cow"
"1115","garbage"
"1116","acre"
"1117","clap"
"1118","tar"
"1119","poop"
"1120","mail"
"1121","suction"
"1122","caramel"
"1123","cracker"
"1124","plane"
"1125","balloon"
"1126","tail"
"1127","medication"
"1128","plaid"
"1129","barrel"
"1130","tongue"
"1131","baseball"
"1132","rocket"
"1133","face"
"1134","gift"
"1135","truck"
"1136","melon"
"1137","web"
"1138","sewer"
"1139","ash"
"1140","basket"
"1141","marker"
"1142","dinosaur"
"1143","sun"
"1144","coat"
"1145","bagel"
"1146","potty"
"1147","building"
"1148","pig"
"1149","son"
"1150","bead"
"1151","cranium"
"1152","tip"
"1153","case"
"1154","troll"
"1155","flop"
"1156","bouncing"
"1157","step"
"1158","pooper"
"1159","tub"
"1160","dragon"
"1161","meatball"
"1162","soccer"
"1163","pile"
"1164","knee"
"1165","eyes"
"1166","father"
"1167","pretzel"
"1168","diaper"
"1169","icecream"
"1170","scoop"
"1171","player"
"1172","soap"
"1173","refrigerator"
"1174","granola"
"1175","wheat"
"1176","earth"
"1177","sidewalk"
"1178","penguin"
"1179","rope"
"1180","chair"
"1181","beach"
"1182","painting"
"1183","toddler"
"1184","sculpture"
"1185","freight"
"1186","lip"
"1187","spinach"
"1188","hen"
"1189","beluga"
"1190","bone"
"1191","hole"
"1192","doctor"
"1193","aquarium"
"1194","pictures"
"1195","strings"
"1196","guitar"
"1197","pita"
"1198","pants"
"1199","boots"
"1200","city"
"1201","cereal"
"1202","celery"
"1203","boa"
"1204","builder"
"1205","row"
"1206","sail"
"1207","stopper"
"1208","artist"
"1209","flag"
"1210","mitt"
"1211","golf"
"1212","tire"
"1213","shovel"
"1214","bingo"
"1215","drawer"
"1216","moose"
"1217","diner"
"1218","cup"
"1219","shark"
"1220","planet"
"1221","lego"
"1222","chick"
"1223","rod"
"1224","lamb"
"1225","gym"
"1226","pea"
"1227","neck"
"1228","triceratops"
"1229","mower"
"1230","cottage"
"1231","boiling"
"1232","brain"
"1233","workshop"
"1234","basketball"
"1235","dollar"
"1236","velvety"
"1237","crack"
"1238","glue"
"1239","boxing"
"1240","scratch"
"1241","pizza"
"1242","rag"
"1243","buggy"
"1244","trucks"
"1245","belly"
"1246","grandma"
"1247","colors"
"1248","curve"
"1249","sesame"
"1250","kiss"
"1251","tank"
"1252","notch"
"1253","sunset"
"1254","licorice"
"1255","leaf"
"1256","you"
"1257","loaf"
"1258","sunflower"
"1259","stamp"
"1260","snake"
"1261","chipmunk"
"1262","bakery"
"1263","bulletin"
"1264","bicycle"
"1265","soda"
"1266","silk"
"1267","enamel"
"1268","molar"
"1269","fudge"
"1270","dentist"
"1271","hermit"
"1272","alarm"
"1273","alligator"
"1274","hammer"
"1275","velcro"
"1276","clown"
"1277","foam"
"1278","ad"
"1279","bowl"
"1280","derby"
"1281","spanking"
"1282","steering"
"1283","knitting"
"1284","clump"
"1285","dirt"
"1286","survey"
"1287","arcade"
"1288","hit"
"1289","baking"
"1290","mom"
"1291","snap"
"1292","compost"
"1293","crawling"
"1294","spray"
"1295","surface"
"1296","dwelling"
"1297","bait"
"1298","lettuce"
"1299","worker"
"1300","molasses"
"1301","eggplant"
"1302","pitcher"
"1303","copper"
"1304","bronze"
"1305","locked"
"1306","rectangle"
"1307","purse"
"1308","switch"
"1309","nail"
"1310","teacher"
"1311","wig"
"1312","shaking"
"1313","nap"
"1314","tick"
"1315","climb"
"1316","hive"
"1317","ninja"
"1318","vampire"
"1319","slope"
"1320","muffin"
"1321","frosty"
"1322","sock"
"1323","firehouse"
"1324","putty"
"1325","fireman"
"1326","caterpillar"
"1327","snowman"
"1328","sharpie"
"1329","greens"
"1330","donut"
"1331","deer"
"1332","soldier"
"1333","skating"
"1334","scar"
"1335","rainbow"
"1336","mustard"
"1337","railroad"
"1338","horn"
"1339","mechanic"
"1340","batman"
"1341","mat"
"1342","swing"
"1343","dummy"
"1344","digger"
"1345","robot"
"1346","rhino"
"1347","cornfield"
"1348","tear"
"1349","goat"
"1350","pepperoni"
"1351","hippo"
"1352","pan"
"1353","knight"
"1354","crawl"
"1355","wrestle"
"1356","blackberry"
"1357","classroom"
"1358","elf"
"1359","roller"
"1360","lava"
"1361","plug"
"1362","scavenger"
"1363","witch"
"1364","heel"
"1365","ornament"
"1366","voice"
"1367","bump"
"1368","butt"
"1369","knuckle"
"1370","laser"
"1371","cannon"
"1372","bib"
"1373","salt"
"1374","scooter"
"1375","tattoo"
"1376","sign"
"1377","cook"
"1378","pickle"
"1379","pat"
"1380","men"
"1381","swamp"
"1382","crocodile"
"1383","chin"
"1384","sunshine"
"1385","barking"
"1386","berry"
"1387","barn"
"1388","wrestling"
