adjective,noun
fat,hen
castle,puzzle
red,hexagon
red,dog
glazed,window
horned,viper
round,body
coral,reef
girl,glass
pipe,cover
elephant,mommy
smiley,cake
yellow,slab
top,buckle
green,suit
green,chain
purple,scissors
purple,circle
roast,marshmallow
cookie,sheet
street,corner
bath,tile
yellow,belt
green,horse
bed,breakfast
woolly,sheep
bald,head
brown,stick
bridge,piece
giant,fish
colored,ring
farm,vehicle
yellow,zucchini
strawberry,oatmeal
garlic,powder
wooden,train
orange,pumpkin
pumpkin,face
toy,basket
outside,room
earth,worm
fat,body
bite,mark
snow,tire
red,bag
bright,light
football,game
navy,stripe
ear,ring
room,door
puzzle,piece
dark,screen
bear,mask
blood,test
orange,necklace
pee,diaper
apple,head
room,suite
strawberry,sauce
dictionary,publisher
giant,sandwich
riding,toy
purple,truck
baby,pool
green,leaf
back,side
wet,shoe
turkey,sty
fridge,magnet
yellow,costume
gas,cooker
mother,alligator
oval,triangle
green,tomato
red,horse
light,switch
dead,ornament
pigeon,shit
apple,slice
wet,girl
candy,machine
jam,pot
lighting,hallway
music,toy
kitchen,counter
green,slide
steam,shovel
baby,hippo
carrot,stick
sleeve,shirt
goods,shop
file,drawer
dirty,daddy
solid,smack
balloon,streamer
foot,length
dead,skin
sidewalk,chalk
fat,bunny
apple,tea
dirty,foot
record,run
seaside,cart
round,globe
purple,onion
red,cookie
school,teacher
dirty,water
curling,brush
girl,kiss
brown,dirt
circus,tent
hot,macaroni
dark,green
cinnamon,stick
ham,salad
roast,lamb
school,girl
crispy,worm
gold,weaver
yellow,hoop
honey,pie
pencil,show
arrow,sign
track,suit
train,gate
red,notebook
oak,chest
navy,skirt
pink,robe
thick,eyelash
slide,leg
cellar,door
maple,bar
motorway,bridge
cardboard,box
freezing,road
orange,tea
statue,toy
crispy,brown
web,shooter
purple,bed
wastepaper,basket
snow,leopard
back,flip
purple,cup
peach,juice
sweet,chocolate
dark,line
brown,egg
train,ride
red,room
red,coral
dirty,tissue
orange,glasses
orange,tube
explorer,suit
glass,table
colored,paper
trash,truck
fuzzy,slipper
bottom,tooth
girl,bed
tennis,court
boxing,glove
hot,mom
feather,mattress
jelly,fish
tonic,water
dirty,bowl
dolphin,family
stroller,toy
green,tail
silver,bell
red,flag
tattoo,heart
hot,water
baby,penguin
dress,piece
smiley,guy
hot,pepper
farm,tractor
curly,tail
oatmeal,pie
green,jacket
back,porch
thick,canopy
green,vegetable
purple,cat
dead,mommy
baby,elephant
bottom,lip
bird,cage
thick,clip
kitty,cat
office,phone
bottom,row
brown,spot
sun,lotion
yellow,bill
brown,bear
garbage,can
rice,cake
dancing,bud
hot,air
wooden,puzzle
piano,piece
yellow,hair
bear,mama
pink,eyeball
smiley,girl
quarter,cup
cum,store
marine,tank
teacher,day
green,edge
paint,can
night,gown
cartoon,ring
ski,pants
green,beard
sugar,snack
soup,kitchen
queen,crab
snow,book
hot,bowl
turtle,shell
night,dress
snow,dog
dish,cloth
cylinder,gas
baby,stroller
cursive,letter
yellow,dragon
grape,fruit
red,sweet
green,scooter
yellow,duckling
orange,sticker
dirty,crayon
stone,cup
gold,ticket
girl,hood
giant,shadow
concrete,driveway
purple,dinosaur
cereal,box
moon,game
girl,colors
burnt,charcoal
train,station
boy,sock
wood,window
green,triceratops
thick,model
bottom,stair
kettle,drum
baby,bunny
closet,door
brown,bread
corn,fan
pink,noodle
purple,bunny
chip,cookie
green,airplane
corner,house
bottom,cupboard
poison,berry
plastic,bottle
pink,bubblegum
yellow,pants
cell,phone
yellow,overalls
fruit,sherry
cellar,key
tire,swing
mommy,squirrel
round,case
baby,food
night,armadillo
orange,box
back,alley
paper,cup
pound,note
vegetable,salad
college,lecturer
yellow,submarine
bunny,rabbit
water,board
ear,infection
baby,piggy
pecan,cluster
yellow,man
green,jungle
broken,bag
nail,polish
dead,fish
pregnant,person
thick,wood
sea,green
carrot,peel
yarn,basket
walk,path
purple,star
eight,piece
bed,sheet
pill,box
blackberry,patch
fuzzy,teddy
red,color
hind,leg
jungle,gym
dirty,player
curtain,window
cigar,smoke
baby,boy
orange,sweater
fudge,sundae
knitting,basket
water,melon
garlic,bread
pole,light
brown,syrup
crispy,patty
crescent,moon
gun,guard
bingo,game
marble,arch
toy,train
dead,puppy
red,clay
silky,blanket
door,valve
plant,root
mommy,fish
pirate,flag
broken,balloon
bright,orange
red,scissors
egg,soup
fish,aquarium
clothes,basket
garden,tool
sleep,walk
blood,cell
baby,ostrich
dinner,table
purple,noodle
cast,iron
cry,baby
baby,sheep
green,room
grey,boot
pink,yogurt
pirate,movie
pink,shoe
wooden,hammer
pet,toy
frozen,bean
fat,elephant
dogs,biscuit
hot,coffee
purple,lipstick
stew,pot
brown,table
jellyfish,family
sleeping,bag
hot,piggy
multicolored,sign
dog,poop
farm,movie
green,hat
green,flag
navy,coat
microwave,lid
flat,roof
green,park
red,stair
path,hedge
plastic,track
dirty,banana
alphabet,block
baby,parrot
train,car
purple,snail
green,zebra
horse,manure
yellow,cake
music,book
carrot,cake
rolling,pin
yellow,top
giant,frog
wooden,stick
dark,flower
home,county
green,book
dirty,cave
pink,skirt
fat,mama
green,dog
cookie,bake
alphabet,puzzle
garden,shed
night,crawler
orange,pop
pop,corn
ox,tail
pound,hammer
heart,attack
brown,shoe
jaw,bone
red,lobster
cracker,box
green,thumb
wig,hair
caramel,sauce
curly,head
wet,grandpa
slope,test
baby,panda
gas,fire
boy,tooth
yellow,handle
marble,roll
twin,deck
potty,sticker
orange,plant
coffee,machine
jelly,container
round,pumpkin
body,puppet
daddy,waffle
giant,dump
lobster,hat
outside,world
yellow,chicken
bean,ball
red,ice
farm,shop
garlic,salt
pink,honey
weenie,firefly
fat,tummy
cloud,smoke
car,boot
phone,line
art,advisor
top,molar
wrapping,paper
road,sign
hand,drive
bloody,nose
baby,bottle
yellow,lip
pink,shorts
fire,alarm
north,pole
dog,mama
wiggle,dancing
examination,board
bull,ant
brown,cap
kid,ride
yellow,ball
man,book
door,bell
dart,board
puppet,baby
dinner,break
granite,horse
chest,plate
record,case
whale,hat
mommy,daddy
dinosaur,skull
tree,farm
orange,kitty
clown,nose
potty,break
bread,basket
giraffe,leg
fat,squirrel
fish,guts
bubble,soap
fuzzy,creature
basket,ball
red,wagon
matchbox,car
jungle,ride
quiz,game
colored,green
gold,ring
paint,drip
wet,slab
green,blanket
oil,filter
tan,car
green,grasshopper
bowling,ball
hot,tap
onion,ring
petrol,account
thistle,patch
dirty,mommy
bright,picture
picture,book
step,stool
tree,branch
apple,cookie
bar,staff
rock,crowd
dirty,bottom
bug,lift
onion,gravy
skirt,stain
green,grape
night,sky
solid,feed
sky,diving
pirate,hat
giant,pillow
green,side
green,shirt
pink,mirror
red,ear
blowing,bubble
grey,coat
giant,octopus
dwarf,tree
slippery,balloon
baby,pumpkin
jelly,sandwich
octopus,video
hill,track
fuzzy,pants
spider,web
pony,ride
card,table
giant,bean
song,book
art,school
head,office
tire,mold
bear,sleeping
ice,cube
dead,fly
dog,sticker
food,coloring
apple,farm
bedroom,bathroom
sweet,drink
hot,egg
beach,token
brown,basket
candy,corn
library,book
train,track
orange,wall
nylon,shirt
purple,pepperoni
muscle,tissue
outside,line
blind,mouse
coral,piece
key,board
water,filter
root,beer
turkey,chip
grocery,store
back,seat
lemon,skin
fly,ball
purple,baby
plastic,piece
elephant,parade
purple,collar
brown,shirt
outside,lane
elephant,ear
paper,plate
solar,shop
coat,hanger
comb,brooch
lighter,purple
metal,plate
country,mansion
dolly,house
elephant,fly
green,bird
red,squirrel
candy,cane
fat,man
sewing,machine
tobacco,tin
fuzzy,hair
green,man
green,ear
ground,floor
red,dress
stair,carpet
chicken,wing
dancing,shoe
yellow,helicopter
wet,ball
pink,oval
mommy,lion
green,guy
bank,note
mulberry,tree
orange,corner
dog,person
furry,tail
dead,one
red,crayon
bright,shirt
dark,eye
fish,puzzle
hot,shit
green,crayon
circus,train
loaf,pan
brown,hill
blond,boy
stone,letter
dirty,basement
burnt,cookie
star,sticker
bedroom,house
cloth,mum
pea,pod
cargo,car
clothes,furnishing
dish,washer
cut,apple
tape,measure
red,bin
yellow,skull
thick,piece
potato,pie
explorer,guy
red,coat
plastic,toy
quarry,tile
puppet,stage
thick,mud
table,cloth
baby,blanket
square,face
fruit,machine
smooch,dance
outside,house
hair,cap
purple,dog
tooth,fairy
wet,pants
flat,side
green,lawn
salty,egg
peach,material
thick,loaf
fat,lady
letter,puzzle
chocolate,chip
pink,tongue
red,nose
green,ball
hot,tub
gingerbread,recipe
drawing,table
red,marker
gas,pipe
giant,present
dark,forest
purple,block
orange,suit
yellow,guitar
shoe,room
grey,suite
chocolate,eclair
stamp,pad
bagel,dog
tree,frog
sugar,bowl
moist,soil
kitchen,floor
jelly,doughnut
hot,bath
pink,square
hot,fry
color,sand
rock,music
flower,stem
yellow,ring
north,king
baby,room
pirate,sword
pencil,sharpener
oval,face
door,grill
navy,shorts
children,adult
building,downtown
town,dump
yellow,barrel
stall,light
elephant,ride
pink,rake
sheet,side
breast,lump
red,house
bottom,piece
tooth,paste
carpet,shampoo
grease,mark
orange,frosting
camera,eye
hot,lava
butterfly,catcher
metal,bath
rubber,band
leaf,cake
green,bug
green,airship
green,ring
wooden,board
lacing,piece
rabbit,hole
broken,ride
purple,raindrop
hot,tray
letter,block
plastic,ball
fly,swatter
toy,lizard
daddy,crown
green,marble
wet,kiss
lunch,box
sweet,tooth
bottom,bunk
dinosaur,foot
elephant,trunk
pink,kitty
apple,butter
green,flower
bed,room
building,block
ball,tent
daddy,hand
street,lighting
yellow,stripe
pink,chair
grocery,cart
gingerbread,man
food,container
flower,pants
wheat,flour
brown,penny
purple,animal
flower,tree
lemon,juice
yellow,room
daddy,hippo
road,license
juice,drop
washing,line
purple,present
girl,mommy
hair,dryer
mommy,goat
sweet,tasting
red,controller
juicy,pear
brown,cow
garden,chair
broken,toenail
saucepan,spoon
animal,fat
page,moderator
icecream,maker
snow,seal
paper,model
king,man
monkey,bar
curly,string
bubble,wand
pink,color
purple,diamond
tightrope,walker
attic,room
red,flower
thick,hair
burnt,toast
red,heart
color,marker
screen,door
baby,piglet
popsicle,stick
pet,store
hotel,breakfast
light,saber
world,sea
violet,light
ice,hockey
brass,wire
purple,bag
purple,sock
country,air
meatball,dinner
back,door
mommy,shoe
round,pond
fax,machine
wax,paper
daddy,bug
sweat,pants
plastic,cupboard
drawing,board
red,cup
baby,toy
air,plane
dragon,boy
picnic,food
green,worktop
tom,cat
barn,door
dirty,clothes
sea,food
pile,driver
dirty,basket
plastic,train
square,net
fax,phone
music,instrument
timber,fencing
green,color
apple,snack
chocolate,raisin
goldfish,soup
flaming,shake
cherry,popsicle
top,corner
crocodile,dinner
sweet,violet
toilet,handle
karate,kick
red,panda
bunny,sleeping
baby,exercise
purple,trunk
brown,circle
petrol,station
sweet,hay
fish,pond
pop,guns
caravan,season
kids,dance
holly,wreath
thistle,spud
student,bar
hot,oven
clothes,line
pumpkin,bear
garden,toolbox
green,line
back,ride
cut,tree
chicken,nugget
dirty,dish
oval,ball
roof,ventilation
cod,oil
bat,file
wooden,door
flat,timber
plaid,coat
pop,star
lilac,jade
world,cup
smoke,machine
purple,dolphin
hot,pickle
pink,star
radio,repair
purple,pillow
basketball,hoop
swimming,teacher
round,field
taxi,driver
yellow,squash
blind,corner
pink,spider
red,worm
baby,game
chief,advisor
round,table
star,command
giant,worm
dirty,panty
chip,pan
skittle,gum
singing,dog
dirty,slide
honey,bunny
gift,shop
house,pig
coral,bed
puddle,boot
green,bowl
wash,basin
tar,pit
orange,cake
red,meat
bronze,sword
yellow,egg
circus,car
wet,rain
bedroom,bungalow
pirate,girl
wrist,watch
guy,scream
snow,clothes
bottom,edge
pirate,show
purple,card
toy,car
pink,phone
square,knot
worker,man
dragon,attack
apple,sauce
cataract,operation
plastic,bowl
panda,bear
green,dinosaur
dinner,bowl
leather,coat
entrance,hall
fruit,juice
ocean,floor
hot,muffin
dark,cloud
vitamin,drop
body,shop
pig,boil
garage,door
paddle,game
hot,spice
heart,plate
brake,light
purple,spider
giant,meteor
yellow,puppy
library,picture
sister,elephant
motor,caravan
dark,ceiling
red,basket
purple,hat
lip,stick
green,card
bus,ride
bug,bite
dog,dish
hot,body
baby,sweater
triceratops,sand
fare,crossing
coral,snake
fat,piece
green,cat
stone,wall
furry,caterpillar
phone,bill
red,light
money,tree
red,balloon
sunny,day
wall,tiling
wet,hair
cock,eye
foot,lounge
wedding,dress
nap,video
red,knight
book,paperback
bedroom,window
hillbilly,baby
quarter,past
red,tie
skunk,burger
blueberry,pie
chalk,board
baby,lion
yellow,snow
carp,family
herb,garden
alcove,bedroom
swimming,suit
fruit,tree
note,card
yellow,screw
hash,brown
sugar,plum
potato,skin
chamber,pot
orange,beak
fairy,lady
rice,milk
grape,juice
round,edge
water,fountain
office,chair
foot,pool
yellow,tube
yellow,knight
day,pastor
whale,squirt
pink,paint
cookie,sandwich
giant,truck
flower,bed
yellow,wheel
dark,side
gold,balloon
lemon,soda
purple,stage
cream,cake
puppy,food
baby,heart
smiley,ball
gold,guy
varnish,stripper
purple,square
red,phone
brown,pumpkin
flower,petal
instrument,panel
giant,saucer
face,painting
curve,piece
raisin,bun
milk,bar
pink,diamond
back,window
apple,green
outside,edge
string,puppet
green,tower
rolling,ball
rain,storm
green,popsicle
hot,pants
light,lunch
light,ball
hammer,fork
farm,game
caterpillar,walking
wet,day
red,roof
pink,collar
top,coat
bear,walking
flower,box
kid,cartoon
yellow,paper
skating,girl
dead,brother
lady,song
pink,ear
cookie,dough
light,green
edge,piece
computer,scientist
orange,star
farmer,lady
troll,bridge
fire,truck
slate,mine
brown,barn
gold,game
police,car
tan,lotion
rectangle,diamond
baby,basket
broken,piece
thick,person
fish,book
purple,lollipop
hot,pot
hall,servant
crispy,piece
dictionary,writer
thick,sandwich
square,block
puppy,dog
farmer,truck
yellow,baby
hot,plastic
hot,mommy
mud,puddle
arcade,music
green,field
cocktail,side
telephone,box
quarter,inch
coffee,cake
picnic,meal
ice,tea
baby,spoon
yellow,page
crystal,cave
light,wood
green,finger
block,building
baby,doll
elephant,trumpeting
yellow,rain
yard,clipping
back,garden
green,path
red,cutter
snow,ninja
nose,guy
airplane,ride
fish,jump
green,overalls
stump,grinder
singing,mama
pink,clothes
dirty,hand
drum,stick
bear,cave
green,pants
hot,bun
pink,satin
daddy,ear
varnish,paint
silver,car
giant,puzzle
red,pot
guy,wizard
red,door
picture,frame
infant,teacher
lizard,mom
lion,dung
orange,nose
puzzle,pile
hot,fire
iron,sword
gold,map
grandfather,clock
whisky,drop
paint,brush
solid,rain
human,body
dead,plant
tea,cup
dirty,blanket
chip,machine
leopard,seal
baby,leaf
yellow,circle
food,chain
fire,exit
mutant,peacock
red,drum
yellow,parrot
dirty,plate
round,track
slippery,sock
baby,dog
paw,print
red,towel
guy,robot
red,stripe
dirty,pants
red,track
meteor,crater
carpet,shop
green,candy
thorn,bush
hand,bag
yellow,line
green,frosting
square,pan
pointy,tree
purple,necklace
cotton,candy
top,hat
potato,plant
color,popsicle
red,hole
wall,clock
tea,pot
frog,toy
blooming,herb
bottom,shelf
cup,cake
pink,brush
purple,boot
fruit,snack
brown,coffee
yellow,sleeve
umbrella,handle
purple,tower
hot,cocoa
animal,cracker
broken,bridge
kid,scissors
dog,book
furnishings,gift
man,face
light,horse
phone,ring
red,top
kids,block
giant,mess
rolling,robot
elephant,eye
lounge,window
green,strawberry
oven,door
dirty,girl
camera,man
maple,syrup
pink,dinosaur
traffic,jam
mail,card
rope,ladder
broken,cracker
wooden,button
flat,edge
kid,toy
milk,man
dancing,troop
sinus,infection
back,yard
arm,pit
guy,talking
day,game
photo,album
outside,guy
spaghetti,meatball
kitchen,sink
corner,piece
purple,octagon
diving,board
garden,worm
bright,star
patio,door
brown,eye
banana,bread
enamel,shell
furry,tummy
solar,eclipse
purple,flower
drop,curtain
bull,frog
purple,purse
video,camera
orange,animal
rag,doll
yellow,sun
clothes,hamper
cookie,cutter
green,bow
plastic,card
giant,shoe
pink,pipe
orange,skittle
head,louse
purple,candy
orange,square
cooker,gas
locked,closet
red,ant
box,office
orange,frog
mop,head
puppy,doggy
tool,repair
color,page
hip,bone
red,ladybug
red,wheel
purple,bat
cake,shop
picture,hook
crusty,roll
bright,tail
daddy,gorilla
ladies,toilet
gravel,pile
dog,stand
clock,piece
yellow,shirt
velvety,horse
purple,cabbage
dirty,mouth
top,trainer
birth,present
dark,sky
coffee,milk
baby,bounce
scar,scar
battery,drawer
circus,truck
room,table
boa,constrictor
car,transporter
bleeding,finger
human,head
ball,bounce
yellow,light
tree,trunk
ball,bearing
sweat,gland
call,line
bin,liner
red,brush
digger,truck
shovel,honey
cheese,pie
night,spider
store,lady
teddy,bear
medication,honey
school,book
goldfish,day
toy,boy
pink,girl
people,town
worm,soup
pink,worm
egg,shell
baby,song
furry,face
brown,mountain
red,coloring
patio,barbecue
blonde,hair
top,lid
wooden,reel
iron,leg
baby,crayon
train,line
birth,day
doctor,kit
door,key
bus,fare
solid,piece
fish,soup
princess,bed
top,edge
turkey,sandwich
timer,switch
red,mouse
green,garbage
wet,bird
yellow,pepper
dalmatian,dog
red,fence
daddy,pirate
brown,clump
red,airplane
military,police
red,orange
bear,hunt
red,triangle
gas,station
pink,flamingo
yellow,tree
satellite,dish
cigar,smoking
dance,music
candy,bar
egg,box
sand,box
pet,cage
yellow,coral
dark,hair
vegetable,oil
green,picture
green,baby
pant,leg
hedge,cutter
beef,hash
plastic,box
green,nose
brown,sauce
yellow,coloring
hot,lunch
fish,stall
wire,sandwich
bright,color
bathroom,window
hot,ride
tub,seat
draw,picture
water,pipe
safari,hat
hot,seat
top,step
spider,ring
bottom,corner
cotton,ball
record,button
doll,baby
cat,product
rusty,bucket
gun,runner
washing,machine
naked,butt
cabbage,leaf
dirty,sock
karate,chop
yard,tent
goat,boy
father,duck
pink,rattle
witch,hair
crane,station
toy,store
dark,ball
pink,corner
truck,piece
red,jumper
pink,dot
money,card
teapot,water
chocolate,cake
person,game
sea,urchin
red,broccoli
bus,ticket
rock,pool
red,dragon
movie,camera
flat,mouth
salmon,leaping
outside,person
tin,tray
hand,glove
scout,group
guy,beard
silver,beard
smoke,stack
rain,glasses
zucchini,plant
purple,bud
cash,till
pink,dragon
girl,case
orange,cutter
kitchen,door
pear,skin
dirty,hamper
orange,sunset
hot,wood
dirty,penny
dirty,cup
apple,oatmeal
olive,green
pear,juice
water,spout
bacon,crisp
knife,edge
green,crunch
doggy,bone
yellow,eye
yellow,apple
farm,channel
boy,seat
machine,chap
eye,ball
thick,branch
sunny,path
back,step
brown,tail
gravel,border
pink,tights
store,room
frog,outfit
yellow,hay
red,strawberry
dead,turtle
inch,square
shell,suit
honey,doll
ceiling,rose
baby,meat
flat,surface
fat,head
circus,officer
sweet,baby
purple,grape
pencil,eraser
tie,back
massage,table
orange,leaf
sand,sheep
red,side
red,caboose
pink,window
sweet,pea
orange,angelfish
cork,tile
bleeding,head
brown,fur
mommy,elephant
daddy,glasses
round,tree
red,bear
laundry,basket
egg,white
peacock,body
green,plant
dead,worm
dog,food
wine,sherry
swimming,guy
sign,gate
animal,magazine
furry,fuzzy
dinosaur,hunt
food,shopping
draw,bridge
bath,door
triangle,piece
baby,brother
purple,boxcar
broken,arm
sickle,cell
snow,boot
orange,heart
hot,chicken
ash,tray
radio,cassette
gold,reindeer
unbuttoned,jacket
cigar,box
frozen,water
red,fruit
yellow,drum
lighter,hair
mashed,potato
oat,porridge
festival,company
flat,piece
college,downtown
pony,tail
giant,thorn
sunny,spot
orange,pants
vanilla,chocolate
cheese,pizza
circus,animal
plastic,circle
chicken,dance
chicken,finger
green,piece
green,salad
brown,grey
tea,bag
top,floor
dinosaur,movie
pink,lollypop
fish,food
night,shirt
puppy,mom
purple,sand
yellow,train
pepperoni,pizza
yellow,leaf
mommy,deer
ear,plug
bird,box
back,bedroom
food,pea
adult,alligator
broken,foot
soccer,player
garbage,feast
red,cake
wet,soaking
bear,boob
dam,bush
dead,guy
face,pumpkin
primrose,oil
top,bunk
red,popsicle
daddy,tape
land,horse
dog,collar
turtle,tank
yellow,key
night,light
book,honey
top,gear
pink,bird
alloy,wheel
brown,leaf
test,barometer
baby,book
plum,pudding
press,record
green,apple
workshop,downtown
boy,voice
dirty,fox
property,market
washing,powder
block,cheese
pink,tube
train,fare
dead,obituary
snow,man
farmer,overalls
roast,beef
ironing,board
broken,string
wine,glasses
birth,date
bottom,one
spider,monkey
farm,puppet
wash,room
red,ball
dust,wagon
gold,fish
burnt,finger
horse,box
mummy,shout
velcro,latch
curb,stone
batter,box
trash,call
brown,patch
dust,ball
toy,bus
ginger,man
wood,sculpture
red,bug
baby,chair
brick,fireplace
candy,piece
turkey,leg
red,bucket
pencil,box
fat,fryer
band,man
spray,bottle
unbuttoned,pants
dirty,mama
hot,curry
red,piranha
bear,family
daddy,face
yogurt,pudding
diaper,check
mud,truck
fish,shop
mountain,bike
exit,sign
purple,food
baby,cub
food,restaurant
bath,tub
baseball,game
treasure,chest
red,bird
sweet,gift
yellow,piece
dirty,piggy
hot,soup
yellow,flower
plastic,heron
dark,bikini
garbage,collector
hot,flaming
light,hair
back,corner
green,stripe
slippery,ice
fat,boy
taller,bed
color,paper
bubble,container
tan,wig
red,gecko
red,puppy
brown,ant
sweet,onion
baby,worm
water,swim
fat,worm
intercom,beep
alarm,clock
color,paint
cotton,shirt
hot,tot
cauliflower,pea
hot,wash
ostrich,egg
silver,green
board,tile
pink,violet
dirty,nose
ant,path
pumpkin,head
quarter,teaspoon
bright,paper
heart,beat
red,road
hot,onion
orange,bead
shaking,ball
orange,dinosaur
daddy,bird
green,marker
daddy,rooster
kitchen,table
mackerel,fishing
green,pig
top,tap
pumpkin,farm
orange,tummy
red,button
yellow,bowl
bottom,oven
blowing,wind
tiger,picture
street,sweeper
entrance,door
water,table
rocket,shot
beef,sandwich
detective,show
pumpkin,pie
green,moose
orange,cat
yellow,tongue
purple,top
salmon,salad
purple,captain
bright,pink
clown,hair
report,card
rainy,day
airline,pilot
school,boy
dragon,game
football,match
green,wreath
molasses,swamp
pink,rose
home,daddy
cutting,edge
purple,eye
green,kitty
rail,ticket
hay,cart
wooden,platter
round,spot
garden,furniture
bar,bell
worm,belly
pastel,pink
prawn,sandwich
cabbage,plant
clock,tower
sleeping,policeman
thick,player
dog,beach
fish,cracker
outside,tap
bubble,gum
letter,tile
purple,spaghetti
farmer,guy
cut,grass
croquet,stroke
hay,cookie
green,ornament
water,tower
plant,pot
fat,roll
brown,coconut
purple,shoe
giant,boy
green,pepper
purple,tail
ogre,lady
bow,colors
cross,bun
red,punch
pink,heart
cat,scratching
peppermint,candy
dirty,baby
brown,mud
food,board
slot,machine
yellow,door
dirty,diaper
roast,potato
red,handle
water,drip
puppet,show
yellow,bucket
yellow,banana
pink,tutu
solar,battery
ice,cream
sugar,dough
barbecue,recipe
orange,flag
bunny,sleep
box,toy
dirt,road
orange,dot
tape,player
broken,egg
daddy,foot
mommy,chin
green,coat
night,moon
brown,suite
giant,committee
sweet,honey
school,room
giant,skyscraper
trash,book
top,row
pink,coat
mud,pile
mommy,worm
farm,cat
crayon,pile
green,melon
aloe,plant
icy,coast
refrigerator,door
baby,pig
fire,grate
yellow,flag
baby,wipe
engine,train
fuzzy,peach
dirty,straw
bleach,water
fishing,pole
snow,shovel
oven,top
yellow,reindeer
red,man
girl,doctor
fat,doctor
brain,rot
red,hand
fat,face
knee,joint
food,processor
committee,report
dirty,one
green,hoop
wet,washing
top,oven
strawberry,juice
cheddar,cracker
slipper,sock
capital,letter
ground,almond
vanilla,pudding
shower,tray
tracksuit,bottom
dirty,park
green,door
sweet,boy
red,reindeer
red,train
broken,leg
brown,gravy
smoke,salmon
cigarette,carton
brass,drum
baby,booty
dirty,shirt
purple,triangle
bright,moonlight
icecream,scoop
sliced,cheese
sweet,cocoa
van,window
bunny,clothes
orange,tail
bead,string
mirror,piece
yellow,guy
food,bowl
red,foot
bird,nest
color,clothes
elephant,puzzle
window,frame
pink,snail
blind,mom
teddy,workshop
rabbit,stew
purple,horn
puzzle,book
farm,animal
tiger,baby
wet,whisker
tube,company
steel,worker
yellow,brush
orange,leg
green,spider
jump,rope
bright,beak
brown,path
naked,person
furry,bear
green,cactus
soldier,crab
purple,turtle
plastic,metal
juicy,meat
yellow,rake
pink,pig
mama,elephant
baby,sock
green,shell
room,clock
fish,skeleton
mutton,head
strawberry,color
chicken,coop
curtain,ring
manor,ground
hill,riding
paddle,wheel
country,mouse
purple,saber
red,kite
baby,monkey
rubber,book
sun,block
mantel,fire
porcelain,doll
cut,dude
quarter,moon
pink,pickle
silver,packet
bear,cub
broken,tv
poison,apple
stroller,baby
solid,path
top,penthouse
red,planet
cookie,day
noodle,soup
television,actress
solid,line
baby,raccoon
frame,chip
bright,punch
yellow,saddle
mommy,doggie
cinnamon,roll
foot,ball
puzzle,maker
purple,teddy
room,slipper
wood,cylinder
pink,scooter
manual,gear
concrete,floor
yellow,mouth
plant,debris
shield,brooch
outside,soccer
upstairs,sleeping
ladybug,toy
tonic,glass
fish,pie
purple,bug
red,jacket
flower,piece
tissue,paper
city,mouse
dark,shadow
green,toy
wet,bucket
sister,game
bottom,hair
frog,book
juicy,worm
diving,dummy
purple,flag
snow,tiger
dark,tunnel
umbrella,tree
fuzzy,bone
glass,slipper
dinosaur,hunter
shop,book
sister,church
color,block
baby,person
dark,chap
green,bone
ocean,world
wet,man
purple,guy
broken,pen
solid,hedge
green,bag
fish,hook
yellow,glasses
sea,horse
wooden,table
yellow,sheet
jet,engine
night,star
color,grey
country,lane
orange,rock
bank,account
train,table
dead,dad
group,secretary
basket,game
yellow,girl
mucus,sack
dirty,tank
brown,bag
marble,hearth
box,cooler
movie,puppet
cigarette,smoke
dinosaur,leg
green,glove
baby,nose
dead,battery
car,mat
dead,ant
lemon,chicken
giant,bomb
round,cracker
brown,person
library,ticket
lobster,pot
brown,writing
round,scissors
red,tape
bunny,ear
baby,rabbit
school,report
red,puck
green,uniform
top,line
wax,coat
rocky,truck
yellow,hand
giant,caterpillar
brown,belt
baby,giraffe
animal,puzzle
plant,food
gym,teacher
pink,boot
bike,riding
bath,toy
money,broker
round,mark
knuckle,head
crusty,loaf
video,store
toilet,seat
sweet,girl
toe,soup
icy,drink
tooth,brush
diamond,piece
dirty,key
purple,cocoon
princess,sticker
purple,coat
gum,tree
top,prize
lunch,break
giant,cloud
planet,earth
fire,hose
fat,chap
mother,pig
red,pants
purple,button
baby,gorilla
sleeping,dolphin
solid,bronze
scrap,paper
girl,bike
bean,plant
purple,wing
sweet,heart
farmer,market
dirty,truck
brown,marker
painting,shirt
flat,table
boiling,pot
colored,dot
yellow,rubber
red,boat
standing,penguin
cat,hair
roof,rack
bean,sprout
whale,song
red,turtle
red,penguin
parmesan,cheese
hill,top
cottage,cheese
dark,rock
round,corner
cake,baby
yellow,outfit
shave,rash
scrap,heap
air,push
girl,hair
shoe,polish
red,whale
sweet,pie
bald,boy
stone,coating
truck,mom
orange,kitten
giant,head
daddy,horse
roller,coaster
frozen,room
gold,dust
pink,carpet
juicy,pineapple
red,book
wooden,piece
water,bucket
night,bird
tap,dance
bread,crust
floor,archway
shark,game
hot,radiator
boy,baby
paper,towel
stage,spot
bible,book
purple,handle
star,red
green,snake
purple,train
beetle,game
garden,tree
thick,soup
river,shack
red,machine
stomach,bug
strawberry,cookie
pink,fur
color,purple
meal,guy
orange,truck
tin,can
daddy,lion
sweet,guy
rocket,ship
copper,dagger
brick,wall
camp,fire
purple,water
air,conditioner
throw,ball
ham,ball
red,railing
solid,color
bulletin,board
yellow,metal
wood,basket
grey,clay
dirty,mitt
glass,door
green,cup
mommy,movie
orange,ear
orange,piece
human,race
baseball,bat
hot,grease
grill,cheese
golf,ball
water,plant
yellow,hose
string,bean
cow,manure
swim,trunk
bleeding,phone
gum,flavor
giant,yogurt
heart,sweet
roll,shot
blueberry,juice
green,grass
slope,testing
wrestling,guy
squirt,gun
smoke,alarm
phone,box
stock,room
bamboo,shoot
red,hat
hippopotamus,face
yellow,moon
hand,print
snow,flake
hot,cookie
pterodactyl,leg
derby,girl
baby,beluga
fence,post
pink,bag
purple,shirt
calendar,book
juicy,fruit
gold,key
purple,girl
till,receipt
back,fence
green,frog
kid,person
sweet,mama
rain,day
baby,platypus
green,mat
spa,camera
piggy,ride
poker,game
box,tape
ballet,skirt
plastic,bag
green,water
orange,fish
onion,stuffing
bow,honey
water,ride
stuffed,crocodile
purple,pony
orange,lip
bear,eye
yellow,duck
pumpkin,bread
locked,gate
green,plate
pink,balloon
flaming,desk
sheet,pan
yellow,milk
boat,person
candy,apple
purple,juice
wire,hair
chest,paddling
day,person
red,dinosaur
brown,oatmeal
dark,picture
glue,stick
boy,doctor
dark,rabbit
dragon,bear
bear,track
hot,desert
brown,ribbon
dirty,suit
door,frame
pink,fan
parent,girl
hen,egg
bear,head
pumpkin,muffin
plastic,sack
soapy,water
pink,makeup
turtle,purple
plastic,grid
pearl,ribbon
wooden,side
apple,cinnamon
piggy,toe
swamp,land
bathroom,suite
dirty,tractor
thick,tights
red,sun
red,crab
dirty,mess
baby,chick
fridge,door
doggy,food
brown,beard
purple,bear
giant,creature
yellow,octagon
dark,mulch
green,light
church,warden
varnish,stain
square,pretzel
red,ruby
solid,food
hot,pipe
green,balloon
muffin,pan
orange,green
milk,pint
bathroom,ceiling
ear,drum
thick,cheese
mud,pool
orange,peel
red,bell
red,eye
purple,robe
snare,drum
riding,horse
bunny,costume
baby,voice
steam,engine
purple,corner
saucepan,lid
pink,slipper
brown,wing
fence,door
red,bridge
orange,carrot
car,engine
wet,wipe
fish,meal
yellow,marble
blood,vessel
marble,painting
yellow,mustache
linen,closet
sticker,book
red,clock
candy,man
window,sill
mulberry,bush
blueberry,tea
green,square
scavenger,hunt
green,tube
gulf,stream
green,tummy
blood,check
dirty,town
baby,bubble
outside,basket
bed,explorer
telephone,point
wood,worm
finger,nail
gas,cooking
car,green
baby,stick
potty,book
brown,lettuce
fish,dad
country,music
fire,hydrant
sea,baby
toy,tub
colored,worm
purple,ball
mitten,back
cookie,crumb
plastic,fork
passenger,train
giant,cat
survey,photograph
purple,wrapper
slam,dunk
pirate,ship
green,straw
giant,squid
bald,guy
tomato,sauce
pink,sweater
orange,bean
sleigh,bell
green,key
brown,crayon
outside,window
red,pole
red,rose
yellow,dress
liver,oil
surf,board
dirty,ground
purple,moon
swim,dolphin
green,rain
baby,body
orange,baby
cheese,packet
velvety,calf
egg,bread
salmon,sandwich
chocolate,log
ballroom,dancing
pine,needle
eye,shadow
purple,plant
wheat,cracker
transporter,company
green,candle
green,sugar
brick,piece
purple,spoon
red,letter
bowling,pin
military,person
bank,card
green,shoe
hedge,shears
square,balloon
spiral,nail
spaghetti,porridge
jump,jockey
yellow,bar
garage,key
sand,swell
water,gun
sewer,line
boy,swing
butter,cup
green,tooth
sugar,oatmeal
yellow,boat
red,suit
ocean,ship
sugar,man
purple,duck
milk,pitcher
onion,skin
cake,stall
fat,kiss
worm,bin
wet,clothes
trash,game
green,daddy
purple,marker
police,station
pig,roll
metal,clip
baby,step
music,room
night,air
red,petal
nanny,training
pink,cloud
plastic,spoon
fat,lump
baby,picture
daddy,company
yellow,cow
red,grey
bottom,bar
tree,bark
yellow,bag
flat,pumpkin
college,building
locomotive,car
gold,dragon
chocolate,milk
bald,baby
rugby,player
card,game
laser,beam
lead,boot
battle,field
yellow,button
water,test
broken,neck
tea,towel
pirate,guy
bright,sun
pet,shop
green,bead
kid,movie
dead,flower
yellow,bed
pest,attack
sirloin,steak
burnt,toasted
icy,road
comforter,cover
curtain,rail
water,feed
square,paper
foot,hole
computer,man
thyroid,infection
green,helmet
purple,head
purple,wheel
hammer,head
green,stem
green,star
soapy,bubble
top,card
orange,skin
cargo,ship
pink,piece
baby,jaguar
food,picture
garden,door
brown,bottom
pony,home
dragon,picture
red,mouth
chicken,prawn
baby,duck
plastic,duck
blueberry,bar
juicy,bite
fat,cookie
wet,sand
bath,drain
yellow,card
green,creature
draw,pile
pipe,band
outside,toilet
yellow,block
green,boxcar
blob,cookie
back,chair
back,wall
pizza,crust
giant,circle
chocolate,fry
boy,tiger
piano,bench
giant,baby
hot,coal
tub,toy
pink,box
kid,slide
outside,kitty
water,tap
asteroid,belt
baby,swing
glass,jar
yellow,hat
green,button
dark,night
yellow,house
puzzle,box
naked,bear
egg,salad
red,fan
green,dragon
slim,girl
outdoor,art
green,boat
orange,scissors
wooden,chair
blonde,one
head,piece
cherry,pie
cathedral,window
blond,hair
lunch,bag
elephant,grey
purple,pot
brown,page
hot,sauce
stick,person
mince,pie
yellow,color
colored,water
film,wrap
corn,movie
grey,dog
truck,book
girl,teacher
broken,toy
orange,cracker
brown,lid
orange,mango
water,park
yellow,pot
shadow,puppet
brick,fire
willow,tree
trash,man
apple,skin
top,window
farm,puzzle
karate,suit
green,broccoli
orange,slice
pink,piggy
dinosaur,bone
milk,cow
clock,book
pink,marker
oatmeal,bath
racing,car
red,tower
yellow,truck
red,tail
blowing,nose
princess,tea
upstairs,brush
north,wind
bottom,floor
slide,watch
train,money
soap,juice
red,boy
karate,ballerina
steering,wheel
pineapple,juice
honey,marmalade
hot,sun
color,stripe
orange,marmalade
upstairs,flat
snow,pants
engine,driver
eye,witness
thick,point
green,booger
picnic,bench
yellow,carrot
orange,flower
diamond,ring
chocolate,bar
vegetable,soup
sunflower,seed
snack,bar
dogs,face
yellow,broom
glass,light
freezing,water
brown,dog
orange,squid
country,road
pocket,money
wet,wash
purple,camera
red,ribbon
colored,glue
hot,tea
pink,frosting
night,school
giant,meteorite
pink,pony
upstairs,bed
dinosaur,picture
sun,rise
wet,towel
dirty,table
kid,bike
river,fishing
downstairs,loo
dirty,pavement
apple,tree
icy,ring
hot,rod
brown,wig
red,sauce
broken,bone
pink,bank
flat,knife
green,rectangle
fat,child
round,hand
couple,stair
bottom,cover
glitter,glue
bubble,wrap
flower,plate
scrap,yard
hair,cut
football,teacher
duffel,coat
dirty,box
dirty,movie
daddy,chin
candy,gum
bus,driver
green,land
dirty,vent
pub,window
green,car
cut,piece
yellow,queen
hot,wing
wooden,animal
mommy,bird
brown,suit
baby,chicken
body,wash
orange,sword
yellow,shoe
orange,tree
back,page
taxi,man
yellow,row
bacon,casserole
green,knight
ginger,ale
yellow,wedge
toy,box
song,sheet
pelican,crossing
hot,juice
doll,dress
yellow,pig
hot,cross
flower,pan
dog,joint
poop,factory
flower,room
bear,shoe
diamond,rock
blond,captain
header,tank
color,knight
dad,hand
ice,truck
water,bottle
yellow,fire
step,mother
bright,feather
machine,gun
hairy,finger
yellow,bead
brown,floor
dump,truck
print,shop
yellow,sheep
hot,pink
daddy,headache
dog,hair
girl,shoe
toilet,paper
sand,toy
blind,person
lighter,colors
orange,paint
pussy,cat
flat,bed
orange,hat
night,kiss
yellow,van
color,petal
bear,puzzle
carrier,bag
wolf,hound
wet,floor
pooper,scooper
lollipop,stick
sweat,top
back,cellar
macaroni,cheese
violin,group
nail,cut
farm,machine
baby,tiger
curly,hair
candy,house
wood,hardware
hermit,crab
ankle,sock
strawberry,flower
broken,car
coffee,cup
cut,hair
hot,towel
mommy,horse
fish,finger
chipmunk,song
frog,leg
giant,bucket
hot,boil
pink,snow
red,pin
rain,bow
red,colors
dish,soap
mommy,duck
hair,ball
thick,marker
dirty,pajamas
bow,tie
solar,house
purple,monkey
hot,grill
climbing,stair
purple,cartridge
saw,puzzle
shortbread,cookie
car,parking
farm,instrument
dirty,room
troll,person
drawing,office
shaving,mirror
thick,rope
orange,bird
lighter,snack
red,hamster
split,cup
orange,color
purple,stick
gold,helmet
mother,bear
puzzle,board
sand,castle
mail,truck
red,bowl
strawberry,lemonade
gold,shoe
fat,brush
top,cap
red,doggie
tea,cake
wet,diaper
mechanic,shop
army,officer
bear,book
cream,tub
secretary,treasurer
ferry,crossing
purple,octopus
oatmeal,bite
glass,building
dirty,finger
toddler,bed
circus,man
cut,glass
dark,color
hot,bottle
barge,person
yellow,tooth
pitch,fork
driving,instructor
astronaut,hat
bear,cry
bay,window
berry,patch
piano,player
bedside,table
dead,person
bird,cave
gold,coin
engine,oil
green,pot
ocean,animal
cheese,ball
red,bicycle
turkey,breast
hairy,spider
apple,juice
paper,sticker
air,balloon
mud,pie
orange,circle
star,fish
fish,lip
orange,broom
paint,plaster
dance,contest
hot,chocolate
green,elephant
flower,day
orange,pentagon
student,band
pink,milk
milk,shake
yellow,plastic
daddy,car
wet,tarmac
pink,blanket
shovel,fork
fat,piggy
sugar,cone
glass,washer
silver,penny
sugar,syrup
cookie,blob
donut,chair
watch,strap
top,cream
brown,teddy
red,purple
blooming,month
bloody,coconut
game,tile
circle,drawing
fat,belly
puffy,cloud
dirty,outside
book,tray
red,blood
cream,taste
grey,tights
sword,fight
female,alligator
dark,turquoise
check,mark
throw,toy
back,line
silky,mask
potato,chip
stand,firm
cut,trunk
red,mark
powder,paint
broken,crayon
mail,uniform
police,man
yellow,taxi
river,path
flat,tire
brown,horse
purple,dot
cranberry,juice
fire,fighter
ocean,wave
red,paint
red,dot
orange,leaflet
red,cab
triangle,roof
plastic,cup
ant,trail
seat,belt
bread,box
yellow,car
mud,color
orange,shovel
red,picture
orange,macaroni
orange,screw
head,shot
snowy,day
road,track
green,wall
hot,steam
hot,mess
drummer,boy
market,stall
turtle,magazine
orange,packet
home,movie
red,cape
weeping,willow
red,bone
oil,barrel
shirt,top
purple,frog
children,book
purple,bubble
sweet,potato
village,hall
lacrosse,stick
snake,tongue
bread,knife
bake,cookie
hare,lip
pink,pants
red,lip
batman,shoe
dark,room
dark,paint
dinosaur,egg
wooden,horse
oval,circle
kid,game
purple,basket
purple,bead
orange,tiger
hot,corn
ballet,dress
fish,puppet
purple,patch
green,bear
bread,dough
grey,hair
document,file
bedroom,flat
yellow,kite
pitcher,glove
ink,pad
mouse,ear
pink,cup
red,belly
orange,crayon
ankle,boot
dog,bun
bus,puzzle
green,leg
dirty,food
hamburger,bun
soccer,ball
jean,jacket
green,chair
yellow,stick
leaf,pile
red,luggage
orange,sequin
dirty,garbage
wash,cloth
green,bubble
upstairs,toy
balloon,popping
yellow,mountain
water,line
top,piece
straw,cup
red,lead
snack,boy
circle,puzzle
banana,chip
apple,cider
snowman,melt
skate,board
grocery,warehouse
wheel,chair
baby,bag
wood,box
car,ferry
red,tights
smiley,face
crystal,piece
cherry,vanilla
bath,room
yellow,match
student,nurse
baby,cat
orange,ball
firehouse,lunch
red,tractor
bowling,alley
snow,ball
pink,teddy
toy,man
purple,mouse
baby,bath
green,house
red,dandelion
frozen,shoulder
hot,milk
vinegar,bottle
color,book
company,software
red,border
oak,tree
music,note
mommy,hair
top,branch
burglar,alarm
office,key
green,toe
movie,channel
dune,buggy
yellow,green
red,pig
exterior,light
plastics,company
yellow,chalk
baby,clothes
park,parade
bike,ride
car,seat
hot,doggy
pink,sock
green,dress
sea,shell
copy,cat
yellow,square
wall,drawer
maple,sugar
snow,hill
sky,color
day,school
vanilla,wafer
peacock,feather
flat,fish
garden,sign
cream,cheese
hair,barrette
orange,zebra
bear,tooth
cheese,sauce
blood,checker
bright,leaf
brown,ale
red,sifter
color,leg
purple,light
wrap,present
frozen,lip
puppy,bark
letter,side
model,girl
horse,shoeing
coal,block
green,triangle
red,cap
rectangle,door
purple,submarine
orange,bud
mommy,parrot
belly,button
round,carpet
orange,noodle
baby,tooth
plastic,lid
rain,umbrella
shore,island
brown,guy
cigarette,smoking
green,pea
bear,cookie
picnic,blanket
tobacco,jar
baby,girl
outside,toy
pointy,fish
shoe,rack
bubble,game
head,pirate
web,site
gold,medal
brake,dust
mama,deer
bicycle,store
orange,peach
red,seat
hay,stack
brown,trunk
brush,handle
family,room
orange,letter
grassy,field
fish,fin
stegosaurus,strike
knight,costume
executive,committee
potato,scoop
red,star
cannon,ball
flat,house
trash,can
yellow,blanket
green,shovel
cardboard,house
round,wall
red,edge
orange,train
wooden,leg
pink,bottle
tip,toe
purple,crayon
building,marker
red,card
mommy,hand
tea,pickle
baby,alligator
jelly,bagel
hot,stove
cable,run
purple,reindeer
yellow,roller
green,yogurt
grey,label
pink,scarf
hairless,cat
hand,washing
teen,movie
fuel,tank
brown,monkey
red,pea
apple,core
walking,stick
fuzzy,blanket
wet,hand
red,bow
slave,driver
yellow,leg
organ,pipe
farmer,man
pink,rectangle
ear,hole
ice,box
yogurt,raisin
pink,lip
grey,cap
orange,button
dark,glasses
top,model
floor,tiling
fruit,cake
squirt,guns
pencil,case
purple,shovel
red,rod
yellow,triangle
red,leaf
red,square
dark,yard
dance,floor
furry,puppy
orange,container
daddy,picture
pickle,sandwich
station,sign
sweet,packet
bright,hair
fire,engine
whale,shark
bald,eagle
square,piece
cream,sandwich
locked,door
yellow,elephant
bubble,clown
toy,board
scout,tent
yellow,piggie
green,fish
giant,one
market,day
school,call
acid,soil
sweet,person
quarter,motor
granola,bar
bunny,hole
wine,purse
freeze,tag
yellow,colors
boy,drink
finger,food
purple,ark
boat,singing
bloody,day
pottery,room
chicken,mushroom
giant,potato
color,orange
round,glasses
wildlife,park
child,seat
sweet,home
hair,day
dozen,egg
doggy,bin
dinosaur,blanket
wall,light
school,playground
red,bead
paper,boy
purple,worm
sleep,walking
dirty,car
blind,mommy
sugar,spoon
key,lock
dirty,pillow
kitchen,light
night,cream
round,tablet
tennis,ball
green,scissors
grilled,cheese
rainbow,parrot
pool,table
call,box
female,crab
board,book
bridesmaid,dress
oatmeal,breakfast
teddy,snack
red,cone
cheese,sandwich
mama,duck
round,penny
chain,saw
holly,leaf
ginger,wine
flat,floor
woman,sitting
kettle,boiling
grassy,piece
flower,border
yellow,star
oil,taste
orange,taste
steam,roller
jazz,band
fish,net
baby,dinosaur
furry,duck
dance,room
green,diamond
alligator,green
soy,milk
fuzzy,poodle
girl,toy
orange,tower
red,face
shot,guns
music,box
fat,leg
yellow,pail
baking,bread
cocktail,bar
pirate,beard
red,hair
drum,body
hand,dress
breakfast,bar
dough,rise
seedless,grape
television,licence
toy,soldier
woman,show
dark,brown
frog,umbrella
wing,color
flip,flop
green,honey
strawberry,milk
dark,food
wet,baby
bunny,show
giant,seal
snack,honey
ferry,boat
pink,juice
school,day
navy,sweater
milk,bottle
pirate,station
yellow,shovel
flower,seed
picnic,basket
fish,song
orange,finger
paint,stamping
bright,child
round,knob
attic,bedroom
orange,collection
driving,horse
thick,one
fish,cake
plastic,edging
outside,building
pie,baking
giant,dog
singing,song
cat,food
office,clerk
guitar,player
dark,purple
fire,pole
sweat,shirt
iron,board
wooden,stair
pink,lipstick
green,container
bubble,gun
yellow,airplane
yellow,lion
back,leg
leg,bone
salad,sandwich
red,gate
orange,eye
girl,potty
dinosaur,arm
orange,boat
yellow,marker
whey,curd
fat,piggie
red,box
office,girl
gold,sky
electronics,firm
chair,seat
dirty,guy
metallic,bronze
yellow,arrow
owl,book
juice,box
sweet,granny
dirty,spoon
snow,falling
dark,woods
pink,door
mermaid,leg
fat,guy
wooden,shoe
pink,lemonade
show,office
dolly,guy
green,jelly
shoe,museum
assistant,manager
green,vacuum
yellow,track
skunk,salad
circle,piece
top,side
water,pill
traffic,light
puppy,guy
pink,sandal
kitty,litter
frown,face
grey,beard
gold,cap
dead,brain
stand,point
bear,pants
lunch,plate
candy,dish
bunny,mama
green,paper
mommy,baby
octopus,tentacle
slide,honey
yellow,bin
fat,girl
draw,prize
round,hole
fire,side
grilled,sandwich
purple,screw
flat,one
rain,shower
wooden,trough
road,racing
orange,grey
daddy,dinosaur
shop,floor
potato,salad
gold,necklace
family,day
mommy,talk
throw,pillow
baby,powder
spray,bubble
pink,purse
onion,sandwich
rum,truffle
pink,leg
kid,book
leather,case
orange,hand
green,tea
giant,fire
book,sticker
lollipop,wand
forty,eight
gram,jar
coffee,pot
tile,pattern
green,truck
baby,dish
cloth,heart
fruit,punch
dark,ring
green,eel
hamburger,meat
back,hoe
hot,tank
yellow,shelf
purple,pear
sweet,shrimp
mud,pot
bell,sticker
brandy,butter
pink,car
spanking,spot
yellow,grey
ball,player
checkout,girl
cut,bread
plastic,wrap
cooking,chocolate
orange,belt
purple,pickle
yellow,fat
wheat,cookie
oyster,cracker
elephant,scale
yellow,cap
oval,piece
flag,drawer
elephant,toy
grocery,list
red,diamond
outside,wind
sail,boat
round,wheel
bunny,slipper
hot,sandwich
cub,group
gym,shoe
brother,bunny
orange,car
banana,sundae
ladies,mother
pirate,land
beetle,family
door,casing
mauve,ring
hot,book
nut,juice
octopus,talon
cash,book
motor,bridge
oatmeal,raisin
red,digger
page,boy
metal,edge
top,butter
bright,boy
round,sun
car,tire
gas,man
green,spoon
hail,storm
yellow,noodle
taller,tower
uniform,skirt
sunset,sky
firework,factory
naked,girl
fish,stick
red,cow
pink,nose
fat,bird
red,corner
green,hand
yellow,coat
forty,inch
pink,eye
pink,hippo
stain,varnish
hot,blanket
house,spider
swimming,pool
mama,hat
taller,ceiling
police,guard
giant,sundial
putty,hand
mud,trail
circus,baby
furry,guy
oatmeal,bowl
green,heart
sugar,fat
orange,structure
hot,whisky
outside,theater
grey,snow
phone,call
bug,book
charcoal,grill
stairs,toy
purple,sandbox
frog,hat
yellow,radiator
purple,chalk
green,turtle
chocolate,dough
pink,edge
girl,bunny
tennis,shoe
pork,chop
pillar,box
orange,juice
plastic,wateringcan
pink,shirt
muffin,man
dragon,piece
bar,lounge
baby,carrot
corn,cookie
cream,cone
mama,lion
plant,house
light,weight
bear,costume
cheese,bag
dirty,floor
yellow,crayon
fish,seafood
picture,window
goldfish,jumping
bowler,hat
draw,ticket
hive,bee
smoke,tablet
baby,puppy
picture,card
child,person
green,tree
cheese,stick
fork,lift
peach,cobbler
toast,cheese
purple,grey
shoe,shop
orange,tractor
flat,box
yellow,lemon
toy,house
red,gravy
grill,pan
toy,block
bear,face
terrace,house
red,plate
apple,pie
hot,food
wooden,box
daddy,tiger
green,sword
fatty,lady
rain,forest
jelly,bean
casserole,dish
baby,seat
butt,cheek
licorice,snack
green,box
hot,cream
wood,chip
cooking,meal
round,puzzle
magnet,toy
sketchbook,pad
slippery,bug
phone,card
puzzle,game
sleeveless,suit
dark,orange
camping,school
daddy,bear
fish,dinner
room,closet
purple,arm
calendar,date
pink,cookie
trash,bin
honey,bee
yellow,honey
pinky,toe
bright,colors
red,truck
rail,road
hot,date
light,grate
dead,cereal
letter,factory
baby,animal
yellow,lemonade
green,paint
lawn,mower
tape,head
dill,pickle
chocolate,frog
mud,pit
green,grey
rusty,nail
text,book
sunny,road
hand,motor
machine,smock
lego,boy
film,star
sugar,mama
baby,ice
red,shirt
paint,tray
fat,finger
umbrella,stick
orange,apple
toddler,toy
mama,bear
sugar,cookie
pink,limousine
yellow,butterfly
round,side
turtle,brown
ball,bat
pussy,hair
puppy,blanket
dead,bug
color,circle
hot,oil
rope,walker
walking,boot
bird,bath
family,exercise
key,chain
dressing,room
round,egg
meat,sandwich
kissing,hand
fish,bowl
bubble,flavor
spider,leg
lego,person
railway,line
marble,flooring
veggie,cheese
mail,box
gum,drop
fish,eye
bear,hunter
mutant,toy
birth,month
purple,balloon
purple,phone
floor,board
brother,chick
hot,bag
record,player
pink,whale
dirty,milk
frog,girl
cream,truck
feather,painting
outside,shoe
red,piece
strawberry,chocolate
braid,hair
orange,sugar
face,cake
net,curtain
lady,toy
pink,cap
breaking,limb
red,tree
daddy,cow
painting,bib
broken,tool
circus,police
silky,thread
pink,dress
crusty,top
brown,shorts
baby,goat
fat,milk
foil,tray
prize,game
vitamin,pill
dark,lollipop
sea,picture
purple,pepper
breakfast,cereal
milk,mustache
red,wine
red,milk
fruit,stall
fuzzy,flower
hot,cloth
junction,box
yellow,bus
music,hall
cooking,breakfast
fish,game
girl,deer
purple,puppy
brake,drum
yogurt,juice
baby,owl
bakery,bread
cheese,slice
table,leg
turtle,orange
conveyor,belt
fat,marker
snow,fight
fishing,hole
burnt,rubber
hot,honey
snow,night
hot,sausage
round,clock
pear,tree
green,stool
pink,stair
carat,ring
fur,coat
skate,boarding
fold,laundry
closet,chair
giant,belt
library,tray
pink,tool
magazine,rack
car,station
sea,turtle
material,flower
baby,seal
pirate,costume
cow,boy
yellow,paint
toy,baby
solid,tape
yellow,balloon
wet,face
orange,hamster
green,hair
water,kitty
hot,pattern
purple,dude
hot,fan
bottom,jaw
gold,bag
stud,dog
purple,wiggle
bright,tomato
night,raccoon
marmalade,fish
wedding,ring
twin,room
wiggle,worm
breakfast,egg
fishing,rod
yellow,cup
foam,piece
aluminum,rod
plastic,tray
gas,mask
yellow,wing
hot,ice
paint,shirt
red,shoe
coffee,break
cuckoo,clock
girl,cup
toucan,bird
green,pencil
family,feast
circus,bus
money,machine
elephant,brooch
elephant,crying
spiral,grip
furry,cat
baby,cup
paper,cut
toy,bag
car,carrier
tree,top
fat,cat
suction,cup
red,licorice
wet,suit
hot,car
outside,piece
pink,suit
tennis,racket
green,cookie
flying,dragon
dog,dance
bunny,jumping
ultrasound,picture
sliced,potato
giant,tower
male,lead
velvet,slipper
frog,jump
push,bike
face,guy
ant,block
tile,floor
bouncing,spot
turtle,hat
plastic,truck
baby,eagle
red,ocean
ball,man
wet,road
furry,coach
red,bracelet
red,candy
shower,curtain
jacket,top
cough,drop
fish,egg
picnic,table
elf,talk
one,piece
yellow,ribbon
yellow,feather
red,juice
worm,poop
home,page
strawberry,yogurt
triangle,toast
sperm,cell
puppy,print
bottom,light
red,gym
green,carrot
yellow,knee
purple,footprint
hot,shake
teddy,home
twin,tub
diaper,baby
back,plate
hot,piece
red,bottom
red,tongue
ball,bunny
red,green
bear,growl
door,speaker
purple,room
prawn,cocktail
boy,bed
brown,sweater
chocolate,cookie
surface,dwelling
purple,jacket
red,snake
mommy,cup
octopus,spying
animal,picture
pond,deer
children,slip
dark,pink
army,man
bean,bag
dirty,mouse
sweatshirt,top
tuna,fish
night,sign
burger,bar
penguin,body
cream,chocolate
dolphin,show
hot,wax
wet,spot
furry,gorilla
stuffed,puppy
scout,badge
blowing,kiss
dead,leaf
thick,noodle
bubble,blower
purple,bird
brown,tree
fire,station
mama,rabbit
square,box
garbage,truck
red,oval
bank,manager
top,lip
red,butterfly
farm,book
welding,rod
nylon,bag
purple,ear
ballet,slipper
ball,mitt
boy,mouth
sycamore,tree
wet,shirt
roll,marble
giant,ball
purple,cow
poison,rattlesnake
color,green
cupboard,door
brown,piece
singing,contest
yellow,head
furry,teddy
dirty,corner
dish,wash
bright,crayon
concrete,path
green,block
wet,panty
railroad,track
ninja,turtle
green,bed
heart,muscle
purple,salad
foot,piece
baby,jogger
street,car
hall,closet
yellow,chair
furry,costume
soap,bottle
grey,shorts
mommy,bear
blind,spot
purple,kangaroo
house,beam
castle,book
rectangle,book
sand,block
cement,truck
grey,cat
oven,mitt
fruit,shop
muscle,man
giant,gorilla
shadow,line
strawberry,patch
movie,theater
cat,litter
snow,melt
dark,light
elephant,book
yellow,cartridge
food,card
round,hoop
pink,sand
yellow,box
light,beam
fish,sticker
baby,alarm
foot,radiator
foot,pruner
raspberry,patch
pine,tree
purple,cap
block,house
ant,trap
orange,drop
wooden,track
petrol,tank
caramel,cluster
shrub,border
pointy,tip
car,park
aphid,sandwich
yellow,neon
bubble,world
yellow,horse
ostrich,leg
coffee,grinder
skunk,stew
red,bat
video,recorder
wet,mommy
pita,bread
striped,worm
bum,worker
hot,day
silk,worm
fish,market
water,bridge
purple,fish
lace,cover
sugar,water
flat,mat
wife,battering
slippery,soap
paper,airplane
olive,oil
sweet,sauce
blind,eye
people,zombie
bedroom,room
soy,sauce
sea,mammal
silky,ear
church,minister
red,paper
dirty,laundry
bubble,blow
wooden,sword
flat,land
pink,ring
boy,pants
popcorn,maker
dress,clothes
school,bus
fat,baby
furniture,shop
pull,toy
brown,squirrel
farm,truck
curry,rice
vanilla,cookie
red,block
round,ball
green,chest
people,group
train,yard
aquarium,car
mural,show
daddy,kiss
squid,soda
red,wing
food,group
thick,head
sweet,pepper
yellow,collar
yellow,chick
striped,fish
wooden,spoon
red,boot
green,money
fuzzy,tail
purple,color
fold,blanket
yellow,bib
upstairs,cafe
game,mommy
witch,castle
dead,horse
train,piece
stroke,room
red,circle
thick,marmalade
rainbow,crayon
princess,puzzle
purple,pentagon
flying,horse
orange,planet
glass,house
brown,dot
screw,driver
wet,snow
solid,door
yellow,dinosaur
giant,piece
purple,scribble
lego,girl
grey,cloud
dark,pet
daddy,elephant
dirty,pamper
town,clerk
freeze,pop
naked,baby
wet,glue
farm,dog
alphabet,toy
toast,stick
lace,curtain
meat,pie
lily,pad
blond,girl
dairy,barn
green,casing
dead,man
red,pickle
baby,cot
yoyo,ball
fish,animal
elephant,leg
table,tennis
skunk,baby
water,tank
ant,powder
brass,plate
yellow,tape
head,stand
purple,heart
tv,retailer
purple,dress
broom,sweep
staff,entertainment
car,stair
floor,face
bright,man
dress,ring
bowl,bud
green,mouth
strawberry,cream
dog,house
laughing,baby
mirror,tile
freezing,plant
worm,food
bubble,maker
bubble,soup
dog,park
fairy,baby
pink,ball
classroom,window
purple,snake
mud,line
office,group
glass,cover
pet,food
frog,house
mouse,driver
wet,filter
flip,top
red,sand
hot,room
purple,soda
toy,ship
daddy,book
game,contestant
red,bunny
ear,phone
dinosaur,sticker
green,train
dirty,honey
shoe,horn
bunny,cloud
red,cherry
candy,bag
green,pop
dog,cheese
yellow,dot
cough,medicine
hot,potato
ball,game
mail,person
green,paddle
candy,gumball
boy,bear
hind,foot
yellow,fish
wet,rag
pink,pillow
red,car
orange,hippo
brother,tiger
water,toy
green,eye
pink,orange
fly,soup
puppet,house
night,bear
inch,wire
bread,pasta
karate,girl
nursery,school
red,jeep
pink,tulip
beach,ball
dark,suit
orange,arm
stick,bug
kitchen,water
ground,rice
carpet,tile
mommy,room
brown,paper
bunny,blanket
grey,shoe
moon,beam
red,match
hot,pan
top,shop
pill,pen
pink,purple
peg,leg
frozen,chicken
outside,hallway
doctor,visit
singing,mommy
pretzel,stick
toy,bin
engine,shed
princess,cake
trigger,fish
kids,day
hot,cup
plastic,table
log,book
fish,tank
poison,stem
chief,accountant
bear,mitten
forty,pound
bean,dish
dirty,cloth
green,bean
baby,bear
wet,foot
diamond,button
letter,box
swim,shoe
bird,girl
battery,game
mermaid,hole
dragon,guy
top,hit
round,circle
brown,cookie
fuzzy,ear
broken,toe
fire,man
orange,monkey
noodle,worm
silver,line
mommy,chair
red,spot
dolly,dress
hummus,bread
red,fish
apple,barrel
plastic,tunnel
red,lid
cardboard,cylinder
green,fire
green,circle
yellow,lid
chalk,duster
sweet,bread
green,cap
meadow,walk
baby,moon
hound,letter
pony,piece
water,man
hot,syrup
frozen,pea
shelve,divider
key,ring
baby,buggy
people,rug
bottom,picture
bathroom,room
pink,sword
pink,bottom
top,refrigerator
table,honey
dark,bath
tooth,book
daddy,chair
leg,room
oat,meal
trash,block
bright,red
potty,chair
dirty,bubble
violin,teacher
purple,suit
cutting,board
cathedral,choir
yellow,plane
astronaut,costume
door,handle
pink,block
bottom,dollar
pink,tunnel
green,knife
telephone,call
orange,shirt
tartar,taste
bible,school
baby,mama
green,noodle
machinery,catalogue
chicken,noodle
top,shelf
plastic,wallet
square,yard
metal,piece
mommy,tiger
yellow,picture
computer,person
guy,knight
brake,fluid
purple,ketchup
wall,tile
sister,fight
coffee,bean
dinosaur,head
solid,block
purple,pad
hot,balloon
toy,puppy
orange,bag
green,scissor
red,cheek
round,tower
plastic,glasses
banana,apple
suite,shower
granddad,kiss
broken,bat
brick,house
plastic,container
peanut,butter
yellow,curtain
car,track
animal,book
sailor,collar
post,office
red,knob
orange,soda
ant,food
purple,sweater
orange,block
purple,leg
questionnaire,letter
baby,turtle
tee,shirt
water,running
wheelie,bin
furniture,curtain
water,honey
room,sweet
picture,rail
toy,closet
honey,butter
red,toy
standing,wall
bread,roll
brown,hair
red,sky
oil,pot
wet,water
red,tricycle
door,step
purple,bracelet
video,player
baby,bee
boy,bike
kitchen,window
yellow,orange
brown,blanket
red,van
hot,roll
bacon,toast
spinach,dip
garden,soil
cough,syrup
elephant,garland
press,office
passenger,car
elephant,weight
purple,cranium
light,orange
princess,snack
secretary,table
ocean,train
asteroid,hit
fat,pig
bible,road
yellow,mommy
hot,rice
dinosaur,artifact
mommy,cat
bouncing,ball
game,marble
bear,workshop
upstairs,stair
pee,pod
green,red
country,house
plum,soup
purple,bath
wet,rug
hall,lighting
foot,print
pink,crayon
crab,line
dog,walk
bright,spot
chocolate,lollipop
street,shop
dirty,face
furry,platypus
mud,water
picture,wall
light,flashing
outhouse,door
microscope,spotlight
paper,shop
red,flap
video,tape
car,door
ant,aphid
art,museum
thick,gland
stag,group
milk,jug
baby,bird
singing,drawer
bathing,suit
brass,dart
dressing,table
red,bed
purple,window
spot,check
bear,teddy
banana,tree
dogs,barking
top,drawer
horse,running
eleven,pound
fire,officer
weight,bag
whisky,ginger
red,string
icy,mountain
orange,rain
oatmeal,cookie
food,company
wooden,floor
strawberry,bar
bear,jump
banana,mess
farm,house
red,tomato
shop,envelope
bottom,drawer
yellow,school
computer,game
doggy,tail
melon,ball
tea,room
naked,mole
bunny,book
bug,spray
brown,train
flower,pot
scaly,skin
hot,dog
red,bike
flat,cheese
stuffed,animal
diaper,wipe
night,plane
yellow,bird
pop,opera
tree,house
dark,leaf
yellow,mom
red,street
pink,hair
man,mum
fish,jelly
bus,park
baby,talk
orange,guy
thick,mustache
compost,pile
press,jacket
spider,head
green,tie
ear,lobe
back,room
outside,bird
kid,driving
gold,coffee
honey,pot
purple,book
wedding,day
moon,rover
dark,snake
penny,packet
car,driver
plastic,back
orange,colors
apple,juicer
green,mountain
yellow,hippo
hot,mama
red,onion
cherry,tomato
doll,house
giant,puppet
motor,car
dark,lounge
brown,sugar
telephone,ringing
red,pillow
silver,ship
hot,sundae
pink,elephant
brown,doggie
yogurt,hair
kids,honey
guy,walking
taller,spoon
pirate,necklace
cloudy,day
pink,towel
baby,snail
purple,ring
tv,company
sunny,side
purple,car
green,monkey
broken,door
pink,bear
home,sign
plastic,mat
home,committee
dinosaur,book
male,goldfish
saw,blade
baby,deer
vampire,zombie
monkey,whisper
bathroom,shop
panel,radiator
kitchen,net
red,horn
outside,shell
octopus,show
racing,pigeon
green,shamrock
land,motorway
pregnant,blond
yellow,scarf
track,record
shovel,scoop
colors,green
orange,bug
green,lego
crease,mark
green,dish
baby,hair
gold,plate
piggy,bank
sugar,cube
hay,ride
pink,flower
red,rectangle
squirt,toy
panel,game
fridge,freezer
lock,stock
naked,child
gold,star
gold,band
room,bathroom
ceiling,tile
dirty,swine
trash,yard
apple,book
puffin,nose
tv,day
light,car
butterfly,cake
freeze,popsicle
girl,boot
bunny,mask
goose,mama
gas,bill
hot,daddy
yellow,fuzz
dorsal,fin
fairy,pony
singing,voice
purple,rain
message,machine
bait,shop
litter,tray
stuffed,mushroom
leather,jacket
teddy,book
brown,baby
guy,dancing
dressing,gown
apple,feast
cracker,sandwich
green,cheese
tiger,costume
butter,sandwich
dinosaur,map
red,apple
lady,bug
red,barn
light,bulb
cookie,jar
tool,box
spiky,fish
gingerbread,guy
orange,balloon
taller,one
green,doggy
tooth,mark
juicy,juice
dust,rag
day,break
mitten,tree
purple,pants
stereo,computer
purple,red
railway,track
yellow,roof
brake,pad
pink,hat
back,row
sleeveless,top
red,pepper
elbow,hair
green,egg
tank,top
yellow,toe
lady,car
robot,head
shoe,store
chap,advertising
daddy,fish
yellow,driver
dog,dirt
quarter,bag
top,handle
choir,boy
brown,mommy
paper,bag
dead,baby
pink,paper
hotel,room
hot,cereal
baby,fish
ocean,book
tape,recorder
suite,room
purple,edge
rock,honey
yellow,lady
metal,door
telephone,cord
tail,piece
garden,hose
water,boil
cotton,lining
red,berry
dolly,clothes
top,tooth
raisin,cookie
purple,mom
bubble,bath
exit,entrance
bear,home
smiley,sticker
slippery,leg
hot,strawberry
giant,dragon
pear,yogurt
red,honey
shoe,wax
